vegetation_class,logmean,logsd,n
emergent,6.358223411794262,1.0400099109062264,2345
forest,10.56722462780675,0.7469699080420016,79
shrub,8.205768571877245,1.9684009863327911,33
