analysis_description,scaled_up_using,median_sum_total_MillionTonnesCO2PerYear,lower_ci_sum_total_MillionTonnesCO2PerYear,upper_ci_sum_total_MillionTonnesCO2PerYear,lower_99_sum_total_MillionTonnesCO2PerYear,upper_99_sum_total_MillionTonnesCO2PerYear,min_sum_total_MillionTonnesCO2PerYear,max_sum_total_MillionTonnesCO2PerYear
Estuarine Losses,logmean,-8.061746682215166,-13.17695147144775,-4.138343890904949,-13.759035884623565,-3.8672998108186123,-16.361291220438698,-3.2395346808887084
Estuarine Losses,mean,-8.136575031534496,-13.310601892883964,-4.170182267691282,-13.954077952551257,-3.8921087155638077,-15.44120415685305,-3.3703147657657673
Estuarine Stable and Gains,logmean,2.1506289285854407,-2.376895648692538,6.691819208536163,-3.183458120950537,7.599233593376381,-6.4586993313465255,10.588851399053324
Estuarine Stable and Gains,mean,5.270225492500668,0.6570321783943458,9.962039116711718,-0.2201619589799933,10.887154612022707,-3.440318775676995,15.36607318990645
Palustrine Losses,logmean,-2.379584921634773,-3.7345192672645253,-1.3270874847209184,-3.9026005308644924,-1.2543636641921712,-4.403967816760616,-1.0493287132247855
Palustrine Losses,mean,-2.6616331757880216,-4.117916428946335,-1.5630251410003115,-4.32902058277025,-1.4646681239657129,-10.079565218810401,-1.230073188269347
Palustrine Stable and Gains,logmean,-1.5196301194504702,-9.488005218908798,2.025296343070419,-11.978344127450551,2.4390900985136375,-23.745146548530457,3.889313406016961
Palustrine Stable and Gains,mean,-15.873141180133514,-81.49396061713908,-1.75563760911745,-126.5619601050848,-0.31225189107751344,-833.2147154676122,6.306225662134314
