central_tendency,lower_95,upper_95
logmean,186.9952033517951,1055.6793976032345
mean,641.1634299293705,6899.626583926679
